<?xml version="1.0" encoding="UTF-8"?>

<!-- * i18n-l10n.xml * * Copyright (C) 2018 Universidad de Sevilla * * The 
	use of this project is hereby constrained to the conditions of the * TDG 
	Licence, a copy of which you may download from * http://www.tdg-seville.info/License.html -->

<beans xmlns="http://www.springframework.org/schema/beans"
	xmlns:xsi="http://www.w3.org/2001/XMLSchema-instance" xmlns:util="http://www.springframework.org/schema/util"
	xsi:schemaLocation="
		http://www.springframework.org/schema/beans http://www.springframework.org/schema/beans/spring-beans-4.0.xsd
		http://www.springframework.org/schema/util http://www.springframework.org/schema/util/spring-util-4.0.xsd 
	">

	<util:list id="messages">
		<value>/views/master-page/messages</value>
		<value>/views/misc/messages</value>
		<value>/views/security/messages</value>
		<value>/views/welcome/messages</value>

		<value>/views/administrator/messages</value>
		<value>/views/customer/messages</value>
		<value>/views/profile/messages</value>

		<value>/views/configuration/messages</value>
		<value>/views/conference/messages</value>
		<value>/views/registration/messages</value>
		<value>/views/submission/messages</value>
		<value>/views/paper/messages</value>
		<value>/views/report/messages</value>
		<value>/views/message/messages</value>

		<value>/views/author/messages</value>
		<value>/views/reviewer/messages</value>

		<value>/views/activity/messages</value>
		<value>/views/section/messages</value>

		<value>/views/topic/messages</value>
		<value>/views/category/messages</value>
		<value>/views/finder/messages</value>
		<value>/views/comment/messages</value>

		<value>/views/romp/messages</value>


	</util:list>

</beans>