<?xml version="1.0" encoding="UTF-8"?>

<!-- * converters.xml * * Copyright (C) 2019 Universidad de Sevilla * * The 
	use of this project is hereby constrained to the conditions of the * TDG 
	Licence, a copy of which you may download from * http://www.tdg-seville.info/License.html -->

<beans xmlns="http://www.springframework.org/schema/beans"
	xmlns:xsi="http://www.w3.org/2001/XMLSchema-instance" xmlns:util="http://www.springframework.org/schema/util"
	xsi:schemaLocation="
		http://www.springframework.org/schema/beans http://www.springframework.org/schema/beans/spring-beans-4.0.xsd		
		http://www.springframework.org/schema/util http://www.springframework.org/schema/util/spring-util-4.0.xsd		
	">

	<util:list id="converters">
		<!-- Add your own converters using entries of the following form: <bean 
			class="converters.Class1ToClass2" /> -->


		<bean class="converters.AdministratorToStringConverter" />
		<bean class="converters.ActorToStringConverter" />
		<bean class="converters.AuthorityToStringConverter" />
		<bean class="converters.UserAccountToStringConverter" />
		<bean class="converters.CreditCardToStringConverter" />
		<bean class="converters.CompanyToStringConverter" />
		<bean class="converters.HackerToStringConverter" />
		<bean class="converters.PositionToStringConverter" />
		<bean class="converters.ProblemToStringConverter" />
		<bean class="converters.AuditToStringConverter" />
		<bean class="converters.ProviderToStringConverter" />
		<bean class="converters.ItemToStringConverter" />
		<bean class="converters.AuditorToStringConverter" />
		<bean class="converters.NetcasheToStringConverter" />




		<bean class="converters.StringToAdministratorConverter" />
		<bean class="converters.StringToActorConverter" />
		<bean class="converters.StringToAuthorityConverter" />
		<bean class="converters.StringToUserAccountConverter" />
		<bean class="converters.StringToCreditCardConverter" />
		<bean class="converters.StringToCompanyConverter" />
		<bean class="converters.StringToHackerConverter" />
		<bean class="converters.StringToPositionConverter" />
		<bean class="converters.StringToProblemConverter" />
		<bean class="converters.StringToAuditConverter" />
		<bean class="converters.StringToProviderConverter" />
		<bean class="converters.StringToItemConverter" />
		<bean class="converters.StringToAuditorConverter" />

		<bean class="converters.StringToNetcasheConverter" />





	</util:list>

</beans>