<?xml version="1.0" encoding="UTF-8"?>

<!-- * security.xml * * Copyright (C) 2019 Universidad de Sevilla * * The 
	use of this project is hereby constrained to the conditions of the * TDG 
	Licence, a copy of which you may download from * http://www.tdg-seville.info/License.html -->

<beans xmlns="http://www.springframework.org/schema/beans"
	xmlns:xsi="http://www.w3.org/2001/XMLSchema-instance" xmlns:security="http://www.springframework.org/schema/security"
	xsi:schemaLocation="
		http://www.springframework.org/schema/beans http://www.springframework.org/schema/beans/spring-beans-4.0.xsd		
        http://www.springframework.org/schema/security http://www.springframework.org/schema/security/spring-security-3.2.xsd
    ">

	<!-- Security infrastructure -->

	<bean id="loginService" class="security.LoginService" />

	<bean id="passwordEncoder"
		class="org.springframework.security.authentication.encoding.Md5PasswordEncoder" />

	<!-- Access control -->

	<security:http auto-config="true" use-expressions="true">
		<security:intercept-url pattern="/" access="permitAll" />

		<security:intercept-url pattern="/favicon.ico"
			access="permitAll" />
		<security:intercept-url pattern="/images/**"
			access="permitAll" />
		<security:intercept-url pattern="/scripts/**"
			access="permitAll" />
		<security:intercept-url pattern="/styles/**"
			access="permitAll" />
		<security:intercept-url pattern="/help/**"
			access="permitAll" />

		<security:intercept-url pattern="/views/misc/index.jsp"
			access="permitAll" />

		<security:intercept-url pattern="/security/login.do"
			access="permitAll" />
		<security:intercept-url pattern="/company/show.do"
			access="permitAll" />
		<security:intercept-url pattern="/security/loginFailure.do"
			access="permitAll" />

		<security:intercept-url pattern="/welcome/index.do"
			access="permitAll" />

		<security:intercept-url pattern="/administrator/administrator/**"
			access="hasRole('ADMIN')" />
		<security:intercept-url pattern="/auditor/administrator/**"
			access="hasRole('ADMIN')" />
		<security:intercept-url pattern="/configuration/administrator/**"
			access="hasRole('ADMIN')" />

		<security:intercept-url pattern="/auditor/auditor/**"
			access="hasRole('AUDITOR')" />


		<security:intercept-url pattern="/company/company/**"
			access="hasRole('COMPANY')" />
		<security:intercept-url pattern="/company/create.do"
			access="permitAll" />
		<security:intercept-url pattern="/company/edit.do"
			access="permitAll" />
		<security:intercept-url pattern="/company/list.do"
			access="permitAll" />


		<security:intercept-url pattern="/rookie/rookie/**"
			access="hasRole('ROOKIE')" />
		<security:intercept-url pattern="/rookie/create.do"
			access="permitAll" />
		<security:intercept-url pattern="/rookie/edit.do"
			access="permitAll" />

		<security:intercept-url pattern="/audit/listr.do"
			access="permitAll" />

		<security:intercept-url pattern="/audit/auditor/**"
			access="hasRole('AUDITOR')" />

		<security:intercept-url pattern="/netcashe/auditor/**"
			access="hasRole('AUDITOR')" />

		<security:intercept-url pattern="/netcashe/company/**"
			access="hasRole('COMPANY')" />

		<security:intercept-url pattern="/item/**"
			access="permitAll" />
		<security:intercept-url pattern="/item/provider/**"
			access="hasRole('PROVIDER')" />


		<security:intercept-url pattern="/provider/**"
			access="permitAll" />
		<security:intercept-url pattern="/provider/provider/**"
			access="hasRole('PROVIDER')" />


		<security:intercept-url pattern="/problem/**"
			access="permitAll" />
		<security:intercept-url pattern="/problem/company/**"
			access="hasRole('COMPANY')" />

		<security:intercept-url pattern="/position/list.do"
			access="permitAll" />
		<security:intercept-url pattern="/position/search.do"
			access="permitAll" />
		<security:intercept-url pattern="/position/listr.do"
			access="permitAll" />

		<security:intercept-url pattern="/position/company/**"
			access="hasRole('COMPANY')" />

		<security:intercept-url pattern="/application/company/**"
			access="hasRole('COMPANY')" />

		<security:intercept-url pattern="/application/rookie/**"
			access="hasRole('ROOKIE')" />


		<security:intercept-url pattern="/**"
			access="hasRole('NONE')" />



		<security:form-login login-page="/security/login.do"
			password-parameter="password" username-parameter="username"
			authentication-failure-url="/security/loginFailure.do" />

		<security:logout logout-success-url="/"
			invalidate-session="true" />
	</security:http>

</beans>