<?xml version="1.0" encoding="UTF-8"?>

<!-- * PopulateDatabase.xml * * Copyright (C) 2019 Universidad de Sevilla 
	* * The use of this project is hereby constrained to the conditions of the 
	* TDG Licence, a copy of which you may download from * http://www.tdg-seville.info/License.html -->

<beans xmlns="http://www.springframework.org/schema/beans"
	xmlns:xsi="http://www.w3.org/2001/XMLSchema-instance"
	xsi:schemaLocation="
		http://www.springframework.org/schema/beans http://www.springframework.org/schema/beans/spring-beans.xsd
	">

	<!-- User accounts -->

	
	<bean id="userAccount1" class="security.UserAccount">
		<property name="username" value="admin" />
		<property name="password" value="21232f297a57a5a743894a0e4a801fc3" />
		<property name="authorities">
			<list>
				<bean class="security.Authority">
					<property name="authority" value="ADMIN" />
				</bean>
			</list>
		</property>
		<property name="notify" value="false" />

	</bean>

	<!-- Other domain beans come here -->

	<bean id="admin1" class="domain.Administrator">
		<property name="name" value="Juan" />
		<property name="surname" value="Calcuta" />
		<property name="email" value="super@hotmail.com" />
		<property name="phoneNumber" value="+34 675359045" />
		<property name="optionalAddress" value="" />
		<property name="optionalPhoto" value="" />
		<property name="vat" value="21" />
		<property name="creditCard" ref="creditCard1" />
		<property name="userAccount" ref="userAccount1" />

	</bean>
	<bean id="creditCard1" class="domain.CreditCard">
		<property name="holderName" value="Calcuta" />
		<property name="brandName" value="brand1" />
		<property name="number" value="4378363422128908" />
		<property name="expMonth" value="01" />
		<property name="expYear" value="21" />
		<property name="cvv" value="123" />


	</bean>

	<bean id="configuration" class="domain.Configuration">
		<property name="sistemName" value="Acme Rookie Rank" />
		<property name="bannerURL" value="https://i.imgur.com/yTJ0Yoo.png" />
		<property name="welcomeEN"
			value="Welcome to Acme Rookie! We're IT hacker's favourite job marketplace!" />
		<property name="welcomeSP"
			value="¡Bienvenidos a Acme Rookie! ¡Somos el mercado de trabajo favorito de los profesionales de las TICs!" />
		<property name="countryCode" value="34" />
		<property name="reBrand" value="false" />
	</bean>

</beans>