<?xml version="1.0" encoding="UTF-8"?>

<!-- * converters.xml * * Copyright (C) 2018 Universidad de Sevilla * * The 
	use of this project is hereby constrained to the conditions of the * TDG 
	Licence, a copy of which you may download from * http://www.tdg-seville.info/License.html -->

<beans xmlns="http://www.springframework.org/schema/beans"
	xmlns:xsi="http://www.w3.org/2001/XMLSchema-instance" xmlns:util="http://www.springframework.org/schema/util"
	xsi:schemaLocation="
		http://www.springframework.org/schema/beans http://www.springframework.org/schema/beans/spring-beans-4.0.xsd		
		http://www.springframework.org/schema/util http://www.springframework.org/schema/util/spring-util-4.0.xsd		
	">

	<util:list id="converters">
		<bean class="converters.ConferenceToStringConverter" />
		<bean class="converters.RegistrationToStringConverter" />
		<bean class="converters.SubmissionToStringConverter" />
		<bean class="converters.ReportToStringConverter" />
		<bean class="converters.MessageToStringConverter" />
		<bean class="converters.ActorToStringConverter" />
		<bean class="converters.UserAccountToStringConverter" />
		<bean class="converters.AuthorToStringConverter" />
		<bean class="converters.AuthorityToStringConverter" />
		<bean class="converters.ReviewerToStringConverter" />
		<bean class="converters.AdministratorToStringConverter" />
		<bean class="converters.PaperToStringConverter" />
		<bean class="converters.TutorialToStringConverter" />
		<bean class="converters.TopicToStringConverter" />
		<bean class="converters.CategoryToStringConverter" />
		<bean class="converters.FinderToStringConverter" />
		<bean class="converters.CommentToStringConverter" />
		<bean class="converters.LootToStringConverter" />


		<bean class="converters.StringToTutorialConverter" />
		<bean class="converters.StringToPaperConverter" />
		<bean class="converters.StringToConferenceConverter" />
		<bean class="converters.StringToSubmissionConverter" />
		<bean class="converters.StringToReportConverter" />
		<bean class="converters.StringToMessageConverter" />
		<bean class="converters.StringToRegistrationConverter" />
		<bean class="converters.StringToActorConverter" />
		<bean class="converters.StringToUserAccountConverter" />
		<bean class="converters.StringToAuthorConverter" />
		<bean class="converters.StringToAuthorityConverter" />
		<bean class="converters.StringToReviewerConverter" />
		<bean class="converters.StringToAdministratorConverter" />
		<bean class="converters.StringToPaperConverter" />
		<bean class="converters.StringToTopicConverter" />
		<bean class="converters.StringToCategoryConverter" />
		<bean class="converters.StringToFinderConverter" />
		<bean class="converters.StringToCommentConverter" />
		<bean class="converters.StringToLootConverter" />


	</util:list>

</beans>