<?xml version="1.0" encoding="UTF-8"?>

<!-- * security.xml * * Copyright (C) 2018 Universidad de Sevilla * * The 
	use of this project is hereby constrained to the conditions of the * TDG 
	Licence, a copy of which you may download from * http://www.tdg-seville.info/License.html -->

<beans xmlns="http://www.springframework.org/schema/beans"
	xmlns:xsi="http://www.w3.org/2001/XMLSchema-instance" xmlns:security="http://www.springframework.org/schema/security"
	xsi:schemaLocation="
		http://www.springframework.org/schema/beans http://www.springframework.org/schema/beans/spring-beans-4.0.xsd		
        http://www.springframework.org/schema/security http://www.springframework.org/schema/security/spring-security-3.2.xsd
    ">

	<!-- Security infrastructure -->

	<bean id="loginService" class="security.LoginService" />

	<bean id="passwordEncoder"
		class="org.springframework.security.authentication.encoding.Md5PasswordEncoder" />

	<!-- Access control -->

	<security:http auto-config="true" use-expressions="true">
		<security:intercept-url pattern="/" access="permitAll" />

		<security:intercept-url pattern="/favicon.ico"
			access="permitAll" />
		<security:intercept-url pattern="/images/**"
			access="permitAll" />
		<security:intercept-url pattern="/scripts/**"
			access="permitAll" />
		<security:intercept-url pattern="/styles/**"
			access="permitAll" />

		<security:intercept-url pattern="/views/misc/index.jsp"
			access="permitAll" />

		<security:intercept-url pattern="/security/login.do"
			access="permitAll" />
		<security:intercept-url pattern="/security/loginFailure.do"
			access="permitAll" />

		<security:intercept-url pattern="/welcome/index.do"
			access="permitAll" />

		<security:intercept-url pattern="/administrator/action-1.do"
			access="hasRole('ADMIN')" />
		<security:intercept-url pattern="/administrator/action-2.do"
			access="hasRole('ADMIN')" />

		<security:intercept-url pattern="/customer/action-1.do"
			access="hasRole('CUSTOMER')" />
		<security:intercept-url pattern="/customer/action-2.do"
			access="hasRole('CUSTOMER')" />

		<security:intercept-url pattern="/profile/action-1.do"
			access="isAuthenticated()" />
		<security:intercept-url pattern="/profile/action-2.do"
			access="isAuthenticated()" />
		<security:intercept-url pattern="/profile/action-3.do"
			access="isAuthenticated()" />

		<security:intercept-url pattern="/configuration/administrator/**"
			access="hasRole('ADMIN')" />
		<security:intercept-url pattern="/conference/administrator/**"
			access="hasRole('ADMIN')" />
		<security:intercept-url pattern="/registration/author/**"
			access="hasRole('AUTHOR')" />
		<security:intercept-url pattern="/submission/author/**"
			access="hasRole('AUTHOR')" />
		<security:intercept-url pattern="/submission/administrator/**"
			access="hasRole('ADMIN')" />
		<security:intercept-url pattern="/report/administrator/**"
			access="hasRole('ADMIN')" />
		<security:intercept-url pattern="/submission/reviewer/**"
			access="hasRole('REVIEWER')" />
		<security:intercept-url pattern="/paper/author/**"
			access="hasRole('AUTHOR')" />
		<security:intercept-url pattern="/paper/reviewer/**"
			access="hasRole('REVIEWER')" />
		<security:intercept-url pattern="/report/reviewer/**"
			access="hasRole('REVIEWER')" />

		<security:intercept-url pattern="/report/author/**"
			access="hasRole('AUTHOR')" />

		<!-- Mensajes -->
		<security:intercept-url pattern="/message/actor/**"
			access="isAuthenticated()" />
		<security:intercept-url pattern="/message/administrator/**"
			access="hasRole('ADMIN')" />


		<security:intercept-url pattern="/conference/actor/**"
			access="isAuthenticated()" />
		<security:intercept-url pattern="/finder/actor/**"
			access="isAuthenticated()" />
		<!-- Registro y edición de perfil Author -->

		<security:intercept-url pattern="/author/create.do"
			access="isAnonymous()" />
		<security:intercept-url pattern="/author/edit.do"
			access="isAnonymous()" />
		<security:intercept-url pattern="/author/author/**"
			access="hasRole('AUTHOR')" />

		<!-- Registro y edición de perfil Reviewer -->

		<security:intercept-url pattern="/reviewer/create.do"
			access="isAnonymous()" />
		<security:intercept-url pattern="/reviewer/edit.do"
			access="isAnonymous()" />
		<security:intercept-url pattern="/reviewer/reviewer/**"
			access="hasRole('REVIEWER')" />

		<security:intercept-url pattern="/section/administrator/**"
			access="hasRole('ADMIN')" />
		<security:intercept-url pattern="/section/**"
			access="permitAll" />

		<security:intercept-url pattern="/activity/list.do"
			access="permitAll" />

		<security:intercept-url pattern="/activity/administrator/**"
			access="hasRole('ADMIN')" />

		<security:intercept-url pattern="/activity/administrator/presentation/**"
			access="hasRole('ADMIN')" />

		<security:intercept-url pattern="/activity/administrator/panel/**"
			access="hasRole('ADMIN')" />

		<security:intercept-url pattern="/activity/administrator/tutorial/**"
			access="hasRole('ADMIN')" />

		<!-- Edición de perfil Administrador -->

		<security:intercept-url pattern="/administrator/administrator/**"
			access="hasRole('ADMIN')" />

		<security:intercept-url pattern="/category/administrator/**"
			access="hasRole('ADMIN')" />

		<security:intercept-url pattern="/loot/administrator/**"
			access="hasRole('ADMIN')" />
			<security:intercept-url pattern="/loot/list.do"
			access="permitAll" />

		<!-- Listado Conferences -->

		<security:intercept-url pattern="/conference/listProx.do"
			access="permitAll" />
		<security:intercept-url pattern="/conference/listPast.do"
			access="permitAll" />
		<security:intercept-url pattern="/conference/listEjec.do"
			access="permitAll" />

		<security:intercept-url pattern="/conference/search.do"
			access="permitAll" />

		<security:intercept-url pattern="/conference/searchList.do"
			access="permitAll" />

		<security:intercept-url pattern="/comment/**"
			access="permitAll" />

		<security:intercept-url pattern="/**"
			access="hasRole('NONE')" />

		<security:form-login login-page="/security/login.do"
			password-parameter="password" username-parameter="username"
			authentication-failure-url="/security/loginFailure.do" />

		<security:logout logout-success-url="/"
			invalidate-session="true" />
	</security:http>

</beans>